{
"lengthUnit": "mil",
"remark": [],
"components": {
	"fields": ["COMPONENT_NO", "COMPONENT_NAME", "LAYER", "X_COORDINATE", "Y_COORDINATE", "ANGLE"],
	"rows": [
		[1, "C1", "T", 1820, -1885, 0],
		[2, "C2", "T", 2365, -1205, 0],
		[3, "C3", "T", 1439.197, -1464.928, 90],
		[4, "C4", "T", 2395, -1965, 90],
		[5, "C5", "T", 2395, -1575, 90],
		[6, "C6", "T", 2640, -1740, 0],
		[7, "C7", "T", 2640, -1820, 0],
		[8, "C8", "T", 2640, -1900, 180],
		[9, "C9", "T", 2640, -1985, 180],
		[10, "C10", "T", 2635, -2065, 0],
		[11, "C11", "T", 2790, -2065, 0],
		[12, "D1", "T", 1535, -1185, 180],
		[13, "H1", "T", 1920, -1075, 180],
		[14, "H2", "T", 2815, -1045, 0],
		[15, "L1", "T", 1380, -1750, 270],
		[16, "R1", "T", 2154.144, -1594.135, 0],
		[17, "R2", "T", 2154.592, -1729.135, 0],
		[18, "R5", "T", 2795, -1845, 180],
		[19, "R6", "T", 2795, -1740, 0],
		[20, "RSC1", "T", 2069.144, -1357.016, 90],
		[21, "U2", "T", 1765, -1425, 270],
		[22, "U3", "T", 2705, -1465, 270],
		[23, "U4", "T", 3330, -1550, 270],
		[24, "U6", "T", 3455, -2075, 0],
		[25, "U7", "T", 3080, -2075, 0],
		[26, "PAD1", "T", 1652.87, -1885, 0],
		[27, "PAD2", "T", 1987.13, -1885, 0],
		[28, "PAD3", "T", 2502.795, -1205, 0],
		[29, "PAD4", "T", 2227.205, -1205, 0],
		[30, "PAD5", "T", 1439.197, -1437.368, 0],
		[31, "PAD6", "T", 1439.197, -1492.488, 0],
		[32, "PAD7", "T", 2395.001, -1876.61, 0],
		[33, "PAD8", "T", 2395.001, -2053.39, 0],
		[34, "PAD9", "T", 2395.001, -1486.61, 0],
		[35, "PAD10", "T", 2395.001, -1663.39, 0],
		[36, "PAD11", "T", 2667.56, -1740, 0],
		[37, "PAD12", "T", 2612.44, -1740, 0],
		[38, "PAD13", "T", 2667.56, -1820, 0],
		[39, "PAD14", "T", 2612.44, -1820, 0],
		[40, "PAD15", "T", 1633.425, -1185, 0],
		[41, "PAD16", "T", 1436.575, -1185, 0],
		[42, "PAD17", "T", 1997.95, -1075, 0],
		[43, "PAD17", "B", 1997.95, -1075, 0],
		[44, "PAD18", "T", 1842.05, -1075, 0],
		[45, "PAD18", "B", 1842.05, -1075, 0],
		[46, "PAD19", "T", 1380, -1643.7, 0],
		[47, "PAD20", "T", 1380, -1856.3, 0],
		[48, "PAD21", "T", 2183.804, -1594.135, 0],
		[49, "PAD22", "T", 2124.484, -1594.135, 0],
		[50, "PAD23", "T", 2184.252, -1729.135, 0],
		[51, "PAD24", "T", 2124.932, -1729.135, 0],
		[52, "PAD25", "T", 2069.144, -1317.646, 0],
		[53, "PAD26", "T", 2069.144, -1396.386, 0],
		[54, "PAD27", "T", 1658.5, -1350, 0],
		[55, "PAD28", "T", 1658.5, -1400, 0],
		[56, "PAD29", "T", 1658.5, -1450, 0],
		[57, "PAD30", "T", 1658.5, -1500, 0],
		[58, "PAD31", "T", 1871.5, -1350, 0],
		[59, "PAD32", "T", 1871.5, -1400, 0],
		[60, "PAD33", "T", 1871.5, -1450, 0],
		[61, "PAD34", "T", 1871.5, -1500, 0],
		[62, "PAD35", "T", 2614.45, -1581.927, 0],
		[63, "PAD36", "T", 2705, -1581.927, 0],
		[64, "PAD37", "T", 2795.55, -1581.927, 0],
		[65, "PAD38", "T", 3682.957, -1207.486, 0],
		[66, "PAD39", "T", 3632.957, -1207.486, 0],
		[67, "PAD40", "T", 3582.957, -1207.486, 0],
		[68, "PAD41", "T", 3332.957, -1207.486, 0],
		[69, "PAD42", "T", 3282.957, -1207.486, 0],
		[70, "PAD43", "T", 3032.957, -1892.514, 0],
		[71, "PAD44", "T", 3482.957, -1892.514, 0],
		[72, "PAD45", "T", 3532.957, -1892.514, 0],
		[73, "PAD46", "T", 3682.957, -1892.514, 0],
		[74, "PAD47", "T", 3385.987, -1509.96, 0],
		[75, "PAD48", "T", 2612.44, -1900, 0],
		[76, "PAD49", "T", 2667.56, -1900, 0],
		[77, "PAD50", "T", 2612.44, -1985, 0],
		[78, "PAD51", "T", 2667.56, -1985, 0],
		[79, "PAD52", "T", 2656.46, -2065, 0],
		[80, "PAD53", "T", 2613.54, -2065, 0],
		[81, "PAD54", "T", 2811.46, -2065, 0],
		[82, "PAD55", "T", 2768.54, -2065, 0],
		[83, "PAD56", "T", 3302.44, -2075, 0],
		[84, "PAD57", "T", 3607.56, -2075, 0],
		[85, "PAD58", "T", 2927.44, -2075, 0],
		[86, "PAD59", "T", 3232.56, -2075, 0],
		[87, "PAD60", "T", 2777.96, -1845, 0],
		[88, "PAD61", "T", 2812.04, -1845, 0],
		[89, "PAD62", "T", 2812.04, -1740, 0],
		[90, "PAD63", "T", 2777.96, -1740, 0],
		[91, "PAD64", "T", 2933.11, -1045, 0],
		[92, "PAD64", "B", 2933.11, -1045, 0],
		[93, "PAD65", "T", 2854.37, -1045, 0],
		[94, "PAD65", "B", 2854.37, -1045, 0],
		[95, "PAD66", "T", 2775.63, -1045, 0],
		[96, "PAD66", "B", 2775.63, -1045, 0],
		[97, "PAD67", "T", 2696.89, -1045, 0],
		[98, "PAD67", "B", 2696.89, -1045, 0]
	]
},
"pins": {
	"fields": ["PIN_NO", "PIN_NAME", "PIN_X", "PIN_Y", "LAYER", "PIN_TYPE", "NET_NAME", "NET_TYPE", "PAD_SHAPE", "PAD_SIZEX", "PAD_SIZEY", "HOLE_SIZE", "HOLE_LEN", "PAD_ANGLE"],
	"rows": [
		[1, "C1_1", 1652.87, -1885, "T", "SMD", "$1N666", "", "R", 153.937, 49.634, 0, 0, 0],
		[2, "C1_2", 1987.13, -1885, "T", "SMD", "GND", "GND", "R", 153.937, 49.634, 0, 0, 0],
		[3, "C2_1", 2227.205, -1205, "T", "SMD", "$1N677", "", "R", 157.48, 62.992, 0, 0, 0],
		[4, "C2_2", 2502.795, -1205, "T", "SMD", "GND", "GND", "R", 157.48, 62.992, 0, 0, 0],
		[5, "C3_1", 1439.197, -1492.488, "T", "SMD", "GND", "GND", "R", 31.496, 35.433, 0, 0, 90],
		[6, "C3_2", 1439.197, -1437.368, "T", "SMD", "$1N676", "", "R", 31.496, 35.433, 0, 0, 90],
		[7, "C4_1", 2395.001, -2053.39, "T", "SMD", "$1N666", "", "R", 137.795, 43.307, 0, 0, 90],
		[8, "C4_2", 2395.001, -1876.61, "T", "SMD", "GND", "GND", "R", 137.795, 43.307, 0, 0, 90],
		[9, "C5_1", 2395.001, -1663.39, "T", "SMD", "3V3", "", "R", 137.795, 43.307, 0, 0, 90],
		[10, "C5_2", 2395.001, -1486.61, "T", "SMD", "GND", "GND", "R", 137.795, 43.307, 0, 0, 90],
		[11, "C6_1", 2612.44, -1740, "T", "SMD", "GND", "GND", "R", 31.496, 35.433, 0, 0, 0],
		[12, "C6_2", 2667.56, -1740, "T", "SMD", "3V3", "", "R", 31.496, 35.433, 0, 0, 0],
		[13, "C7_1", 2612.44, -1820, "T", "SMD", "GND", "GND", "R", 31.496, 35.433, 0, 0, 0],
		[14, "C7_2", 2667.56, -1820, "T", "SMD", "$1N666", "", "R", 31.496, 35.433, 0, 0, 0],
		[15, "C8_1", 2667.56, -1900, "T", "SMD", "3V3", "", "R", 31.496, 35.433, 0, 0, 180],
		[16, "C8_2", 2612.44, -1900, "T", "SMD", "GND", "GND", "R", 31.496, 35.433, 0, 0, 180],
		[17, "C9_1", 2667.56, -1985, "T", "SMD", "3V3", "", "R", 31.496, 35.433, 0, 0, 180],
		[18, "C9_2", 2612.44, -1985, "T", "SMD", "GND", "GND", "R", 31.496, 35.433, 0, 0, 180],
		[19, "C10_1", 2613.54, -2065, "T", "SMD", "GND", "GND", "R", 31.106, 21.26, 0, 0, 0],
		[20, "C10_2", 2656.46, -2065, "T", "SMD", "EN", "", "R", 31.106, 21.26, 0, 0, 0],
		[21, "C11_1", 2768.54, -2065, "T", "SMD", "GND", "GND", "R", 31.106, 21.26, 0, 0, 0],
		[22, "C11_2", 2811.46, -2065, "T", "SMD", "$1N1739", "", "R", 31.106, 21.26, 0, 0, 0],
		[23, "D1_1", 1633.425, -1185, "T", "SMD", "$1N671", "", "R", 118.11, 59.055, 0, 0, 270],
		[24, "D1_2", 1436.575, -1185, "T", "SMD", "GND", "GND", "R", 118.11, 59.055, 0, 0, 270],
		[25, "H1_1", 1997.95, -1075, "T", "DIP", "$1N677", "", "R", 100.394, 100.394, 66.93, 66.93, 180],
		[26, "H1_1", 1997.95, -1075, "B", "DIP", "$1N677", "", "R", 100.394, 100.394, 66.93, 66.93, 180],
		[27, "H1_2", 1842.05, -1075, "T", "DIP", "GND", "GND", "C", 100.394, 100.394, 66.93, 66.93, 180],
		[28, "H1_2", 1842.05, -1075, "B", "DIP", "GND", "GND", "C", 100.394, 100.394, 66.93, 66.93, 180],
		[29, "H2_1", 2696.89, -1045, "T", "DIP", "GND", "GND", "R", 55.118, 55.118, 35.434, 35.434, 0],
		[30, "H2_1", 2696.89, -1045, "B", "DIP", "GND", "GND", "R", 55.118, 55.118, 35.434, 35.434, 0],
		[31, "H2_2", 2775.63, -1045, "T", "DIP", "TX0", "", "C", 55.118, 55.118, 35.434, 35.434, 0],
		[32, "H2_2", 2775.63, -1045, "B", "DIP", "TX0", "", "C", 55.118, 55.118, 35.434, 35.434, 0],
		[33, "H2_3", 2854.37, -1045, "T", "DIP", "RX0", "", "C", 55.118, 55.118, 35.434, 35.434, 0],
		[34, "H2_3", 2854.37, -1045, "B", "DIP", "RX0", "", "C", 55.118, 55.118, 35.434, 35.434, 0],
		[35, "H2_4", 2933.11, -1045, "T", "DIP", "3V3", "", "C", 55.118, 55.118, 35.434, 35.434, 0],
		[36, "H2_4", 2933.11, -1045, "B", "DIP", "3V3", "", "C", 55.118, 55.118, 35.434, 35.434, 0],
		[37, "L1_1", 1380, -1643.7, "T", "SMD", "$1N671", "", "R", 137.795, 275.591, 0, 0, 270],
		[38, "L1_2", 1380, -1856.3, "T", "SMD", "$1N666", "", "R", 137.795, 275.591, 0, 0, 270],
		[39, "R1_1", 2124.484, -1594.135, "T", "SMD", "$1N678", "", "R", 31.751, 34.016, 0, 0, 0],
		[40, "R1_2", 2183.804, -1594.135, "T", "SMD", "GND", "GND", "R", 31.751, 34.016, 0, 0, 0],
		[41, "R2_1", 2124.932, -1729.135, "T", "SMD", "$1N666", "", "R", 31.751, 34.016, 0, 0, 0],
		[42, "R2_2", 2184.252, -1729.135, "T", "SMD", "$1N678", "", "R", 31.751, 34.016, 0, 0, 0],
		[43, "R5_1", 2812.04, -1845, "T", "SMD", "EN", "", "R", 22.27, 21.26, 0, 0, 180],
		[44, "R5_2", 2777.96, -1845, "T", "SMD", "3V3", "", "R", 22.27, 21.26, 0, 0, 180],
		[45, "R6_1", 2777.96, -1740, "T", "SMD", "3V3", "", "R", 22.27, 21.26, 0, 0, 0],
		[46, "R6_2", 2812.04, -1740, "T", "SMD", "$1N1739", "", "R", 22.27, 21.26, 0, 0, 0],
		[47, "RSC1_1", 2069.144, -1396.386, "T", "SMD", "$1N677", "", "R", 44.588, 54.213, 0, 0, 90],
		[48, "RSC1_2", 2069.144, -1317.646, "T", "SMD", "$1N675", "", "R", 44.588, 54.213, 0, 0, 90],
		[49, "U2_1", 1658.5, -1350, "T", "SMD", "$1N675", "", "O", 22.378, 76.78, 0, 0, 270],
		[50, "U2_2", 1658.5, -1400, "T", "SMD", "$1N671", "", "O", 22.378, 76.78, 0, 0, 270],
		[51, "U2_3", 1658.5, -1450, "T", "SMD", "$1N676", "", "O", 22.378, 76.78, 0, 0, 270],
		[52, "U2_4", 1658.5, -1500, "T", "SMD", "GND", "GND", "O", 22.378, 76.78, 0, 0, 270],
		[53, "U2_5", 1871.5, -1500, "T", "SMD", "$1N678", "", "O", 22.378, 76.78, 0, 0, 270],
		[54, "U2_6", 1871.5, -1450, "T", "SMD", "$1N677", "", "O", 22.378, 76.78, 0, 0, 270],
		[55, "U2_7", 1871.5, -1400, "T", "SMD", "$1N675", "", "O", 22.378, 76.78, 0, 0, 270],
		[56, "U2_8", 1871.5, -1350, "T", "SMD", "$1N675", "", "O", 22.378, 76.78, 0, 0, 270],
		[57, "U3_1", 2614.45, -1581.927, "T", "SMD", "GND", "GND", "R", 98.425, 43.307, 0, 0, 270],
		[58, "U3_2", 2705, -1581.927, "T", "SMD", "3V3", "", "R", 98.425, 43.307, 0, 0, 270],
		[59, "U3_3", 2795.55, -1581.927, "T", "SMD", "$1N666", "", "R", 98.425, 43.307, 0, 0, 270],
		[60, "U3_4", 2705, -1348.072, "T", "SMD", "NET_1", "", "R", 92.126, 141.732, 0, 0, 270],
		[61, "U4_1", 3682.957, -1207.486, "T", "SMD", "GND", "GND", "R", 94.488, 35.433, 0, 0, 270],
		[62, "U4_2", 3632.957, -1207.486, "T", "SMD", "3V3", "", "R", 94.488, 35.433, 0, 0, 270],
		[63, "U4_3", 3582.957, -1207.486, "T", "SMD", "$1N1739", "", "R", 94.488, 35.433, 0, 0, 270],
		[64, "U4_4", 3532.957, -1207.486, "T", "SMD", "NET_2", "", "R", 94.488, 35.433, 0, 0, 270],
		[65, "U4_5", 3482.957, -1207.486, "T", "SMD", "NET_3", "", "R", 94.488, 35.433, 0, 0, 270],
		[66, "U4_6", 3432.957, -1207.486, "T", "SMD", "NET_4", "", "R", 94.488, 35.433, 0, 0, 270],
		[67, "U4_7", 3382.957, -1207.486, "T", "SMD", "NET_5", "", "R", 94.488, 35.433, 0, 0, 270],
		[68, "U4_8", 3332.957, -1207.486, "T", "SMD", "IO32", "", "R", 94.488, 35.433, 0, 0, 270],
		[69, "U4_9", 3282.957, -1207.486, "T", "SMD", "IO33", "", "R", 94.488, 35.433, 0, 0, 270],
		[70, "U4_10", 3232.957, -1207.486, "T", "SMD", "NET_6", "", "R", 94.488, 35.433, 0, 0, 270],
		[71, "U4_11", 3182.957, -1207.486, "T", "SMD", "NET_7", "", "R", 94.488, 35.433, 0, 0, 270],
		[72, "U4_12", 3132.957, -1207.486, "T", "SMD", "NET_8", "", "R", 94.488, 35.433, 0, 0, 270],
		[73, "U4_13", 3082.957, -1207.486, "T", "SMD", "NET_9", "", "R", 94.488, 35.433, 0, 0, 270],
		[74, "U4_14", 3032.957, -1207.486, "T", "SMD", "NET_10", "", "R", 94.488, 35.433, 0, 0, 270],
		[75, "U4_15", 2977.043, -1325, "T", "SMD", "NET_11", "", "R", 94.488, 35.433, 0, 0, 180],
		[76, "U4_16", 2977.043, -1375, "T", "SMD", "NET_12", "", "R", 94.488, 35.433, 0, 0, 180],
		[77, "U4_17", 2977.043, -1425, "T", "SMD", "NET_13", "", "R", 94.488, 35.433, 0, 0, 180],
		[78, "U4_18", 2977.043, -1475, "T", "SMD", "NET_14", "", "R", 94.488, 35.433, 0, 0, 180],
		[79, "U4_19", 2977.043, -1525, "T", "SMD", "NET_15", "", "R", 94.488, 35.433, 0, 0, 180],
		[80, "U4_20", 2977.053, -1575, "T", "SMD", "NET_16", "", "R", 94.488, 35.433, 0, 0, 180],
		[81, "U4_21", 2977.053, -1625, "T", "SMD", "NET_17", "", "R", 94.488, 35.433, 0, 0, 180],
		[82, "U4_22", 2977.053, -1675, "T", "SMD", "NET_18", "", "R", 94.488, 35.433, 0, 0, 180],
		[83, "U4_23", 2977.053, -1725, "T", "SMD", "NET_19", "", "R", 94.488, 35.433, 0, 0, 180],
		[84, "U4_24", 2977.053, -1775, "T", "SMD", "NET_20", "", "R", 94.488, 35.433, 0, 0, 180],
		[85, "U4_25", 3032.957, -1892.514, "T", "SMD", "BOOT", "", "R", 94.488, 35.433, 0, 0, 270],
		[86, "U4_26", 3082.957, -1892.514, "T", "SMD", "NET_21", "", "R", 94.488, 35.433, 0, 0, 270],
		[87, "U4_27", 3132.957, -1892.514, "T", "SMD", "NET_22", "", "R", 94.488, 35.433, 0, 0, 270],
		[88, "U4_28", 3182.957, -1892.514, "T", "SMD", "NET_23", "", "R", 94.488, 35.433, 0, 0, 270],
		[89, "U4_29", 3232.957, -1892.514, "T", "SMD", "NET_24", "", "R", 94.488, 35.433, 0, 0, 270],
		[90, "U4_30", 3282.957, -1892.514, "T", "SMD", "NET_25", "", "R", 94.488, 35.433, 0, 0, 270],
		[91, "U4_31", 3332.957, -1892.514, "T", "SMD", "NET_26", "", "R", 94.488, 35.433, 0, 0, 270],
		[92, "U4_32", 3382.957, -1892.514, "T", "SMD", "NET_27", "", "R", 94.488, 35.433, 0, 0, 270],
		[93, "U4_33", 3432.957, -1892.514, "T", "SMD", "NET_28", "", "R", 94.488, 35.433, 0, 0, 270],
		[94, "U4_34", 3482.957, -1892.514, "T", "SMD", "RX0", "", "R", 94.488, 35.433, 0, 0, 270],
		[95, "U4_35", 3532.957, -1892.514, "T", "SMD", "TX0", "", "R", 94.488, 35.433, 0, 0, 270],
		[96, "U4_36", 3582.957, -1892.514, "T", "SMD", "NET_29", "", "R", 94.488, 35.433, 0, 0, 270],
		[97, "U4_37", 3632.957, -1892.514, "T", "SMD", "NET_30", "", "R", 94.488, 35.433, 0, 0, 270],
		[98, "U4_38", 3682.957, -1892.514, "T", "SMD", "GND", "GND", "R", 94.488, 35.433, 0, 0, 270],
		[99, "U4_39", 3385.987, -1509.96, "T", "SMD", "GND", "GND", "R", 196.85, 196.85, 0, 0, 270],
		[100, "U6_1", 3302.44, -2075, "T", "SMD", "GND", "GND", "R", 39.37, 49.213, 0, 0, 90],
		[101, "U6_2", 3607.56, -2075, "T", "SMD", "EN", "", "R", 39.37, 49.213, 0, 0, 90],
		[102, "U7_1", 2927.44, -2075, "T", "SMD", "BOOT", "", "R", 39.37, 49.213, 0, 0, 90],
		[103, "U7_2", 3232.56, -2075, "T", "SMD", "GND", "GND", "R", 39.37, 49.213, 0, 0, 90],
		[104, "PAD1_1", 1652.87, -1885, "T", "SMD", "$1N666", "", "R", 153.937, 49.634, 0, 0, 0],
		[105, "PAD2_2", 1987.13, -1885, "T", "SMD", "GND", "GND", "R", 153.937, 49.634, 0, 0, 0],
		[106, "PAD3_2", 2502.795, -1205, "T", "SMD", "GND", "GND", "R", 157.48, 62.992, 0, 0, 0],
		[107, "PAD4_1", 2227.205, -1205, "T", "SMD", "$1N677", "", "R", 157.48, 62.992, 0, 0, 0],
		[108, "PAD5_2", 1439.197, -1437.368, "T", "SMD", "$1N676", "", "R", 31.496, 35.433, 0, 0, 90],
		[109, "PAD6_1", 1439.197, -1492.488, "T", "SMD", "GND", "GND", "R", 31.496, 35.433, 0, 0, 90],
		[110, "PAD7_2", 2395.001, -1876.61, "T", "SMD", "GND", "GND", "R", 137.795, 43.307, 0, 0, 90],
		[111, "PAD8_1", 2395.001, -2053.39, "T", "SMD", "$1N666", "", "R", 137.795, 43.307, 0, 0, 90],
		[112, "PAD9_2", 2395.001, -1486.61, "T", "SMD", "GND", "GND", "R", 137.795, 43.307, 0, 0, 90],
		[113, "PAD10_1", 2395.001, -1663.39, "T", "SMD", "3V3", "", "R", 137.795, 43.307, 0, 0, 90],
		[114, "PAD11_2", 2667.56, -1740, "T", "SMD", "3V3", "", "R", 31.496, 35.433, 0, 0, 0],
		[115, "PAD12_1", 2612.44, -1740, "T", "SMD", "GND", "GND", "R", 31.496, 35.433, 0, 0, 0],
		[116, "PAD13_2", 2667.56, -1820, "T", "SMD", "$1N666", "", "R", 31.496, 35.433, 0, 0, 0],
		[117, "PAD14_1", 2612.44, -1820, "T", "SMD", "GND", "GND", "R", 31.496, 35.433, 0, 0, 0],
		[118, "PAD15_1", 1633.425, -1185, "T", "SMD", "$1N671", "", "R", 118.11, 59.055, 0, 0, 270],
		[119, "PAD16_2", 1436.575, -1185, "T", "SMD", "GND", "GND", "R", 118.11, 59.055, 0, 0, 270],
		[120, "PAD17_1", 1997.95, -1075, "T", "DIP", "$1N677", "", "R", 100.394, 100.394, 66.93, 66.93, 180],
		[121, "PAD17_1", 1997.95, -1075, "B", "DIP", "$1N677", "", "R", 100.394, 100.394, 66.93, 66.93, 180],
		[122, "PAD18_2", 1842.05, -1075, "T", "DIP", "GND", "GND", "C", 100.394, 100.394, 66.93, 66.93, 180],
		[123, "PAD18_2", 1842.05, -1075, "B", "DIP", "GND", "GND", "C", 100.394, 100.394, 66.93, 66.93, 180],
		[124, "PAD19_1", 1380, -1643.7, "T", "SMD", "$1N671", "", "R", 137.795, 275.591, 0, 0, 270],
		[125, "PAD20_2", 1380, -1856.3, "T", "SMD", "$1N666", "", "R", 137.795, 275.591, 0, 0, 270],
		[126, "PAD21_2", 2183.804, -1594.135, "T", "SMD", "GND", "GND", "R", 31.751, 34.016, 0, 0, 0],
		[127, "PAD22_1", 2124.484, -1594.135, "T", "SMD", "$1N678", "", "R", 31.751, 34.016, 0, 0, 0],
		[128, "PAD23_2", 2184.252, -1729.135, "T", "SMD", "$1N678", "", "R", 31.751, 34.016, 0, 0, 0],
		[129, "PAD24_1", 2124.932, -1729.135, "T", "SMD", "$1N666", "", "R", 31.751, 34.016, 0, 0, 0],
		[130, "PAD25_2", 2069.144, -1317.646, "T", "SMD", "$1N675", "", "R", 44.588, 54.213, 0, 0, 90],
		[131, "PAD26_1", 2069.144, -1396.386, "T", "SMD", "$1N677", "", "R", 44.588, 54.213, 0, 0, 90],
		[132, "PAD27_1", 1658.5, -1350, "T", "SMD", "$1N675", "", "O", 22.378, 76.78, 0, 0, 270],
		[133, "PAD28_2", 1658.5, -1400, "T", "SMD", "$1N671", "", "O", 22.378, 76.78, 0, 0, 270],
		[134, "PAD29_3", 1658.5, -1450, "T", "SMD", "$1N676", "", "O", 22.378, 76.78, 0, 0, 270],
		[135, "PAD30_4", 1658.5, -1500, "T", "SMD", "GND", "GND", "O", 22.378, 76.78, 0, 0, 270],
		[136, "PAD31_8", 1871.5, -1350, "T", "SMD", "$1N675", "", "O", 22.378, 76.78, 0, 0, 270],
		[137, "PAD32_7", 1871.5, -1400, "T", "SMD", "$1N675", "", "O", 22.378, 76.78, 0, 0, 270],
		[138, "PAD33_6", 1871.5, -1450, "T", "SMD", "$1N677", "", "O", 22.378, 76.78, 0, 0, 270],
		[139, "PAD34_5", 1871.5, -1500, "T", "SMD", "$1N678", "", "O", 22.378, 76.78, 0, 0, 270],
		[140, "PAD35_1", 2614.45, -1581.927, "T", "SMD", "GND", "GND", "R", 98.425, 43.307, 0, 0, 270],
		[141, "PAD36_2", 2705, -1581.927, "T", "SMD", "3V3", "", "R", 98.425, 43.307, 0, 0, 270],
		[142, "PAD37_3", 2795.55, -1581.927, "T", "SMD", "$1N666", "", "R", 98.425, 43.307, 0, 0, 270],
		[143, "PAD38_1", 3682.957, -1207.486, "T", "SMD", "GND", "GND", "R", 94.488, 35.433, 0, 0, 270],
		[144, "PAD39_2", 3632.957, -1207.486, "T", "SMD", "3V3", "", "R", 94.488, 35.433, 0, 0, 270],
		[145, "PAD40_3", 3582.957, -1207.486, "T", "SMD", "$1N1739", "", "R", 94.488, 35.433, 0, 0, 270],
		[146, "PAD41_8", 3332.957, -1207.486, "T", "SMD", "IO32", "", "R", 94.488, 35.433, 0, 0, 270],
		[147, "PAD42_9", 3282.957, -1207.486, "T", "SMD", "IO33", "", "R", 94.488, 35.433, 0, 0, 270],
		[148, "PAD43_25", 3032.957, -1892.514, "T", "SMD", "BOOT", "", "R", 94.488, 35.433, 0, 0, 270],
		[149, "PAD44_34", 3482.957, -1892.514, "T", "SMD", "RX0", "", "R", 94.488, 35.433, 0, 0, 270],
		[150, "PAD45_35", 3532.957, -1892.514, "T", "SMD", "TX0", "", "R", 94.488, 35.433, 0, 0, 270],
		[151, "PAD46_38", 3682.957, -1892.514, "T", "SMD", "GND", "GND", "R", 94.488, 35.433, 0, 0, 270],
		[152, "PAD47_39", 3385.987, -1509.96, "T", "SMD", "GND", "GND", "R", 196.85, 196.85, 0, 0, 270],
		[153, "PAD48_2", 2612.44, -1900, "T", "SMD", "GND", "GND", "R", 31.496, 35.433, 0, 0, 180],
		[154, "PAD49_1", 2667.56, -1900, "T", "SMD", "3V3", "", "R", 31.496, 35.433, 0, 0, 180],
		[155, "PAD50_2", 2612.44, -1985, "T", "SMD", "GND", "GND", "R", 31.496, 35.433, 0, 0, 180],
		[156, "PAD51_1", 2667.56, -1985, "T", "SMD", "3V3", "", "R", 31.496, 35.433, 0, 0, 180],
		[157, "PAD52_2", 2656.46, -2065, "T", "SMD", "EN", "", "R", 31.106, 21.26, 0, 0, 0],
		[158, "PAD53_1", 2613.54, -2065, "T", "SMD", "GND", "GND", "R", 31.106, 21.26, 0, 0, 0],
		[159, "PAD54_2", 2811.46, -2065, "T", "SMD", "$1N1739", "", "R", 31.106, 21.26, 0, 0, 0],
		[160, "PAD55_1", 2768.54, -2065, "T", "SMD", "GND", "GND", "R", 31.106, 21.26, 0, 0, 0],
		[161, "PAD56_1", 3302.44, -2075, "T", "SMD", "GND", "GND", "R", 39.37, 49.213, 0, 0, 90],
		[162, "PAD57_2", 3607.56, -2075, "T", "SMD", "EN", "", "R", 39.37, 49.213, 0, 0, 90],
		[163, "PAD58_1", 2927.44, -2075, "T", "SMD", "BOOT", "", "R", 39.37, 49.213, 0, 0, 90],
		[164, "PAD59_2", 3232.56, -2075, "T", "SMD", "GND", "GND", "R", 39.37, 49.213, 0, 0, 90],
		[165, "PAD60_2", 2777.96, -1845, "T", "SMD", "3V3", "", "R", 22.27, 21.26, 0, 0, 180],
		[166, "PAD61_1", 2812.04, -1845, "T", "SMD", "EN", "", "R", 22.27, 21.26, 0, 0, 180],
		[167, "PAD62_2", 2812.04, -1740, "T", "SMD", "$1N1739", "", "R", 22.27, 21.26, 0, 0, 0],
		[168, "PAD63_1", 2777.96, -1740, "T", "SMD", "3V3", "", "R", 22.27, 21.26, 0, 0, 0],
		[169, "PAD64_4", 2933.11, -1045, "T", "DIP", "3V3", "", "C", 55.118, 55.118, 35.434, 35.434, 0],
		[170, "PAD64_4", 2933.11, -1045, "B", "DIP", "3V3", "", "C", 55.118, 55.118, 35.434, 35.434, 0],
		[171, "PAD65_3", 2854.37, -1045, "T", "DIP", "RX0", "", "C", 55.118, 55.118, 35.434, 35.434, 0],
		[172, "PAD65_3", 2854.37, -1045, "B", "DIP", "RX0", "", "C", 55.118, 55.118, 35.434, 35.434, 0],
		[173, "PAD66_2", 2775.63, -1045, "T", "DIP", "TX0", "", "C", 55.118, 55.118, 35.434, 35.434, 0],
		[174, "PAD66_2", 2775.63, -1045, "B", "DIP", "TX0", "", "C", 55.118, 55.118, 35.434, 35.434, 0],
		[175, "PAD67_1", 2696.89, -1045, "T", "DIP", "GND", "GND", "R", 55.118, 55.118, 35.434, 35.434, 0],
		[176, "PAD67_1", 2696.89, -1045, "B", "DIP", "GND", "GND", "R", 55.118, 55.118, 35.434, 35.434, 0]
	]
}
}